Unnamed: 0,POLYMER SMILES,Nc
168,<polymer_spg>[*:1]CC(=S)NO[*:2];2->1,1.9431
259,<polymer_spg>[*:1]Nc1ccc(Oc2ccc([*:2])s2)cc1;2->1,1.9073
231,<polymer_spg>[*:1]Nc1ccc(-c2ccc(-c3ccc([*:2])s3)s2)s1;2->1,2.5509
340,<polymer_spg>[*:1]C(=S)NC(F)(F)C([*:2])(F)F;2->1,1.765
282,<polymer_spg>[*:1]NC(=S)c1ccc(C([*:2])=S)s1;2->1,2.3514
221,<polymer_spg>[*:1]C(=O)c1ccc(C(=O)C([*:2])=S)cc1;2->1,2.0994
63,<polymer_spg>[*:1]Oc1ccc(-c2ccc(-c3ccc([*:2])cc3)cc2)s1;2->1,2.1534
141,<polymer_spg>[*:1]CC(=O)c1ccc(C([*:2])=S)cc1;2->1,2.0297
272,<polymer_spg>[*:1]NC(=O)C(=S)C([*:2])=O;2->1,2.263
81,<polymer_spg>[*:1]Cc1ccc(-c2ccc(O[*:2])cc2)s1;2->1,1.9368
331,<polymer_spg>[*:1]NCC(F)(F)C([*:2])(F)F;2->1,1.5942
90,<polymer_spg>[*:1]Cc1ccc(NC([*:2])=S)s1;2->1,1.9817
89,<polymer_spg>[*:1]Cc1ccc(Nc2ccc([*:2])s2)s1;2->1,1.8772
215,<polymer_spg>[*:1]C(=O)c1ccc(-c2ccc(-c3ccc([*:2])cc3)s2)cc1;2->1,2.2925
21,<polymer_spg>[*:1]Oc1ccc(CC([*:2])=O)cc1;2->1,1.7375
219,<polymer_spg>[*:1]C(=O)c1ccc(C(=O)c2ccc([*:2])s2)cc1;2->1,2.003
372,<polymer_spg>[*:1]Nc1ccc(-c2ccc(C(=S)c3ccc(-c4ccc(Nc5ccc([*:2])cc5)s4)s3)s2)s1;2->1,2.4299
206,<polymer_spg>[*:1]C(=O)c1ccc(-c2ccc(-c3ccc([*:2])s3)cc2)s1;2->1,2.5812
49,<polymer_spg>[*:1]Oc1ccc(-c2ccc(-c3ccc([*:2])s3)s2)s1;2->1,2.2729
274,<polymer_spg>[*:1]NC(=O)Nc1ccc([*:2])s1;2->1,2.0074
181,<polymer_spg>[*:1]CNCC([*:2])=O;2->1,1.7201
92,<polymer_spg>[*:1]Cc1ccc(Oc2ccc([*:2])s2)s1;2->1,1.8388
317,<polymer_spg>[*:1]c1ccc(C(F)(F)c2ccc(C([*:2])(F)F)cc2)s1;2->1,1.8167
287,<polymer_spg>[*:1]NC(=S)NC([*:2])=S;2->1,2.2528
204,<polymer_spg>[*:1]C(=O)c1ccc(-c2ccc(C([*:2])=S)s2)s1;2->1,2.3807
214,<polymer_spg>[*:1]C(=O)c1ccc(OC([*:2])=S)s1;2->1,2.3124
278,<polymer_spg>[*:1]NC(=O)NO[*:2];2->1,1.8753
22,<polymer_spg>[*:1]Cc1ccc(C(=O)O[*:2])cc1;2->1,1.8426
223,<polymer_spg>[*:1]C(=O)c1ccc(Oc2ccc([*:2])s2)cc1;2->1,2.0027
245,<polymer_spg>[*:1]Nc1ccc(-c2ccc(-c3ccc([*:2])s3)s2)cc1;2->1,2.0981
295,<polymer_spg>[*:1]NC(=S)Nc1ccc(Cc2ccc([*:2])cc2)cc1;2->1,1.8992
218,<polymer_spg>[*:1]C(=O)c1ccc(-c2ccc(C([*:2])=S)cc2)cc1;2->1,2.2139
132,<polymer_spg>[*:1]CCON[*:2];2->1,1.7034
66,<polymer_spg>[*:1]Oc1ccc(-c2ccc(-c3ccc([*:2])cc3)cc2)cc1;2->1,1.9034
343,<polymer_spg>[*:1]c1ccc(C(F)(F)CC([*:2])(F)F)cc1;2->1,1.7249
12,<polymer_spg>[*:1]c1ccc(-c2nc3cc4nc([*:2])oc4cc3o2)cc1;2->1,2.3284
101,<polymer_spg>[*:1]Cc1ccc(Cc2ccc([*:2])s2)cc1;2->1,1.8173
297,<polymer_spg>[*:1]C(=O)NC(=O)c1ccc([*:2])cc1;2->1,1.8899
381,<polymer_spg>[*:1]OC(F)(F)OC([*:2])(F)F;2->1,1.5596
310,<polymer_spg>[*:1]Nc1ccc(NC(=O)NC(=O)NC([*:2])=O)s1;2->1,1.9797
190,<polymer_spg>[*:1]CNC(=S)N[*:2];2->1,1.8071
17,<polymer_spg>[*:1]CCCCOC(=O)c1ccc(C(=O)O[*:2])cc1;2->1,1.7603
196,<polymer_spg>[*:1]COc1ccc(-c2ccc([*:2])cc2)s1;2->1,1.9391
144,<polymer_spg>[*:1]CC(=O)Cc1ccc([*:2])cc1;2->1,1.7624
113,<polymer_spg>[*:1]Cc1ccc(Oc2ccc([*:2])s2)cc1;2->1,1.8289
378,<polymer_spg>[*:1]OC(=O)C(F)(F)C([*:2])(F)F;2->1,1.5879
252,<polymer_spg>[*:1]Nc1ccc(-c2ccc(O[*:2])cc2)cc1;2->1,1.9841
114,<polymer_spg>[*:1]Cc1ccc(OC([*:2])=S)cc1;2->1,1.8273
134,<polymer_spg>[*:1]CC(=O)c1ccc(-c2ccc([*:2])cc2)s1;2->1,2.0173
124,<polymer_spg>[*:1]CCCC([*:2])=S;2->1,1.7702
103,<polymer_spg>[*:1]Cc1ccc(CC([*:2])=S)cc1;2->1,1.8601
176,<polymer_spg>[*:1]CNc1ccc(C([*:2])=O)cc1;2->1,1.9491
216,<polymer_spg>[*:1]Oc1ccc(-c2ccc(C([*:2])=O)cc2)s1;2->1,1.9796
142,<polymer_spg>[*:1]CC(=O)c1ccc(O[*:2])cc1;2->1,1.7866
116,<polymer_spg>[*:1]CCc1ccc(C([*:2])=S)s1;2->1,2.0043
365,<polymer_spg>[*:1]C(=O)c1ccc(C(=S)c2ccc([*:2])s2)cc1;2->1,2.1236
120,<polymer_spg>[*:1]CCc1ccc(O[*:2])cc1;2->1,1.7865
164,<polymer_spg>[*:1]CC(=S)CO[*:2];2->1,1.8843
346,<polymer_spg>[*:1]NC(F)(F)CC([*:2])(F)F;2->1,1.6205
210,<polymer_spg>[*:1]C(=O)c1ccc(C(=O)C([*:2])=S)s1;2->1,2.3542
136,<polymer_spg>[*:1]CC(=O)c1ccc(C([*:2])=S)s1;2->1,2.0669
308,<polymer_spg>[*:1]NOC(=O)NCC(=O)NC([*:2])=O;2->1,1.7831
126,<polymer_spg>[*:1]CCC(=O)c1ccc([*:2])cc1;2->1,1.8245
146,<polymer_spg>[*:1]CC(=O)CC([*:2])=S;2->1,1.8167
286,<polymer_spg>[*:1]NC(=S)Nc1ccc([*:2])cc1;2->1,2.0938
268,<polymer_spg>[*:1]NC(=O)c1ccc(C([*:2])=S)cc1;2->1,1.971
133,<polymer_spg>[*:1]CC(=O)c1ccc(-c2ccc([*:2])s2)s1;2->1,2.0695
33,<polymer_spg>[*:1]CCCN[*:2];2->1,1.6776
360,<polymer_spg>[*:1]Cc1ccc(CO[*:2])s1;2->1,1.8606
34,<polymer_spg>[*:1]Oc1ccc(C(=O)c2ccc([*:2])cc2)cc1;2->1,1.9173
283,<polymer_spg>[*:1]NC(=S)c1ccc(O[*:2])s1;2->1,2.1391
97,<polymer_spg>[*:1]Cc1ccc(-c2ccc(-c3ccc([*:2])s3)cc2)cc1;2->1,2.0164
85,<polymer_spg>[*:1]Cc1ccc(C(=O)C([*:2])=S)s1;2->1,1.9676
233,<polymer_spg>[*:1]Nc1ccc(-c2ccc(C([*:2])=O)s2)s1;2->1,2.393
171,<polymer_spg>[*:1]CNc1ccc(C([*:2])=O)s1;2->1,2.0195
347,<polymer_spg>[*:1]OC(F)(F)CC([*:2])(F)F;2->1,1.5813
373,<polymer_spg>[*:1]NC(=O)c1ccc(NC(=S)c2ccc(Nc3ccc([*:2])cc3)cc2)s1;2->1,2.2302
309,<polymer_spg>[*:1]NCCCNC(=O)NC([*:2])=O;2->1,1.7499
332,<polymer_spg>[*:1]OCC(F)(F)C([*:2])(F)F;2->1,1.5633
108,<polymer_spg>[*:1]Cc1ccc(C(=S)c2ccc([*:2])cc2)cc1;2->1,1.9675
46,<polymer_spg>[*:1]Cc1ccc(C[*:2])cc1;2->1,1.9676
305,<polymer_spg>[*:1]COCOCCCO[*:2];2->1,1.6589
170,<polymer_spg>[*:1]CNc1ccc(-c2ccc([*:2])cc2)s1;2->1,1.9424
293,<polymer_spg>[*:1]NC(=S)Nc1ccc(NC(=S)Nc2ccc(Oc3ccc([*:2])cc3)cc2)cc1;2->1,2.0467
73,<polymer_spg>[*:1]Oc1ccc(Oc2ccc([*:2])cc2)s1;2->1,1.8525
137,<polymer_spg>[*:1]CC(=O)c1ccc(O[*:2])s1;2->1,1.9109
363,<polymer_spg>[*:1]C(=O)c1ccc(-c2ccc(C([*:2])=S)s2)cc1;2->1,2.244
236,<polymer_spg>[*:1]Nc1ccc(-c2ccc(C([*:2])=S)cc2)s1;2->1,2.2022
200,<polymer_spg>[*:1]COC(=S)O[*:2];2->1,1.8467
29,<polymer_spg>[*:1]CCCCCCN1C(=O)c2ccc(C(=O)c3ccc4c(c3)C(=O)N([*:2])C4=O)cc2C1=O;2->1,1.8137
275,<polymer_spg>[*:1]NC(=O)Nc1ccc([*:2])cc1;2->1,1.9598
51,<polymer_spg>[*:1]Oc1ccc(C(=S)c2ccc([*:2])s2)s1;2->1,2.0575
312,<polymer_spg>[*:1]OCCCCONC([*:2])=O;2->1,1.6747
334,<polymer_spg>[*:1]c1ccc(C(=O)C(F)(F)C([*:2])(F)F)cc1;2->1,1.8174
27,<polymer_spg>[*:1]Cc1ccc(C(=O)N[*:2])cc1;2->1,1.8171
249,<polymer_spg>[*:1]Nc1ccc(-c2ccc(-c3ccc([*:2])cc3)cc2)cc1;2->1,2.0006
191,<polymer_spg>[*:1]CNC(=S)O[*:2];2->1,1.8672
156,<polymer_spg>[*:1]CC(=O)Oc1ccc([*:2])s1;2->1,1.8447
186,<polymer_spg>[*:1]CNC(=O)C([*:2])=S;2->1,1.9972
358,<polymer_spg>[*:1]C(=S)c1ccc(-c2ccc(-c3ccc([*:2])cc3)cc2)s1;2->1,2.5024
138,<polymer_spg>[*:1]CC(=O)c1ccc(-c2ccc([*:2])s2)cc1;2->1,2.0511
299,<polymer_spg>[*:1]OCCC(=O)CC(=O)Oc1ccc([*:2])cc1;2->1,1.7251
269,<polymer_spg>[*:1]NC(=O)c1ccc(O[*:2])cc1;2->1,1.9128
261,<polymer_spg>[*:1]Nc1ccc(OC([*:2])=S)cc1;2->1,1.9514
341,<polymer_spg>[*:1]NOC(F)(F)C([*:2])(F)F;2->1,1.6008
35,<polymer_spg>[*:1]c1ccc([*:2])cc1;2->1,2.0982
248,<polymer_spg>[*:1]Nc1ccc(-c2ccc(-c3ccc([*:2])s3)cc2)cc1;2->1,2.339
234,<polymer_spg>[*:1]Nc1ccc(-c2ccc(C([*:2])=S)s2)s1;2->1,2.7581
376,<polymer_spg>[*:1]C(=S)C(=O)CCNc1ccc(C(=S)c2ccc([*:2])cc2)cc1;2->1,2.3328
250,<polymer_spg>[*:1]Cc1ccc(-c2ccc(N[*:2])cc2)cc1;2->1,1.9585
44,<polymer_spg>[*:1]CC(CC(CC(CC([*:2])c1ccccc1)c1ccccc1)c1ccccc1)c1ccccc1;2->1,1.6244
212,<polymer_spg>[*:1]OC(=S)c1ccc(C([*:2])=O)s1;2->1,2.068
129,<polymer_spg>[*:1]CCNc1ccc([*:2])s1;2->1,1.8184
93,<polymer_spg>[*:1]Cc1ccc(OC([*:2])=S)s1;2->1,1.9478
111,<polymer_spg>[*:1]Cc1ccc(Nc2ccc([*:2])cc2)cc1;2->1,1.8879
166,<polymer_spg>[*:1]CC(=S)C(=O)O[*:2];2->1,1.92
264,<polymer_spg>[*:1]NC(=O)c1ccc(C([*:2])=S)s1;2->1,2.2308
260,<polymer_spg>[*:1]Nc1ccc(Oc2ccc([*:2])cc2)cc1;2->1,1.9297
370,<polymer_spg>[*:1]c1ccc(C(=S)c2ccc(C(=S)C(=O)Nc3ccc(-c4ccc([*:2])s4)cc3)s2)s1;2->1,2.4376
18,<polymer_spg>[*:1]CC(=O)O[*:2];2->1,1.6701
271,<polymer_spg>[*:1]NC(=O)C(=S)c1ccc([*:2])cc1;2->1,2.1735
79,<polymer_spg>[*:1]Cc1ccc(-c2ccc(-c3ccc([*:2])s3)cc2)s1;2->1,1.9468
220,<polymer_spg>[*:1]C(=O)c1ccc(C(=O)c2ccc([*:2])cc2)cc1;2->1,1.9846
300,<polymer_spg>[*:1]CCOC(=S)NC(=S)c1ccc(N[*:2])cc1;2->1,2.0467
71,<polymer_spg>[*:1]Oc1ccc(C(=S)c2ccc([*:2])cc2)cc1;2->1,2.0867
325,<polymer_spg>[*:1]C(=S)c1ccc(C(F)(F)C([*:2])(F)F)cc1;2->1,1.9682
321,<polymer_spg>[*:1]C(=S)c1ccc(C(F)(F)C([*:2])(F)F)s1;2->1,1.985
367,<polymer_spg>[*:1]Nc1ccc(C(=O)O[*:2])s1;2->1,2.0928
213,<polymer_spg>[*:1]C(=O)c1ccc(Oc2ccc([*:2])s2)s1;2->1,2.0427
160,<polymer_spg>[*:1]CC(=S)c1ccc(O[*:2])s1;2->1,2.1619
104,<polymer_spg>[*:1]Cc1ccc(C(=O)c2ccc([*:2])s2)cc1;2->1,1.9009
161,<polymer_spg>[*:1]CC(=S)c1ccc(N[*:2])cc1;2->1,2.1325
83,<polymer_spg>[*:1]Cc1ccc(CC([*:2])=S)s1;2->1,1.8463
189,<polymer_spg>[*:1]CNC(=S)C([*:2])=O;2->1,2.0233
379,<polymer_spg>[*:1]c1ccc(C(F)(F)C(=O)C([*:2])(F)F)s1;2->1,1.8032
118,<polymer_spg>[*:1]CCc1ccc(-c2ccc([*:2])s2)cc1;2->1,1.9106
225,<polymer_spg>[*:1]C(=O)C(=S)OC([*:2])=S;2->1,2.3004
255,<polymer_spg>[*:1]Nc1ccc(C(=O)O[*:2])cc1;2->1,1.8988
208,<polymer_spg>[*:1]Oc1ccc(-c2ccc(C([*:2])=O)s2)cc1;2->1,2.1334
357,<polymer_spg>[*:1]c1ccc(-c2ccc(-c3ccc(-c4ccc([*:2])s4)s3)cc2)cc1;2->1,2.646
110,<polymer_spg>[*:1]Cc1ccc(Nc2ccc([*:2])s2)cc1;2->1,1.8937
149,<polymer_spg>[*:1]CC(=O)C(=S)c1ccc([*:2])cc1;2->1,2.03
157,<polymer_spg>[*:1]CC(=O)OC([*:2])=O;2->1,1.7033
152,<polymer_spg>[*:1]CC(=O)Nc1ccc([*:2])s1;2->1,1.8784
16,<polymer_spg>[*:1]CCOC(=O)c1ccc(C(=O)O[*:2])cc1;2->1,1.8075
318,<polymer_spg>[*:1]c1ccc(C(F)(F)c2ccc(C([*:2])(F)F)cc2)cc1;2->1,1.8364
75,<polymer_spg>[*:1]OC(=S)Oc1ccc([*:2])cc1;2->1,1.8793
109,<polymer_spg>[*:1]Cc1ccc(C(=S)O[*:2])cc1;2->1,1.8934
311,<polymer_spg>[*:1]NCNC(=O)OC(=O)NC([*:2])=O;2->1,1.7355
205,<polymer_spg>[*:1]Oc1ccc(-c2ccc(C([*:2])=O)s2)s1;2->1,2.0521
316,<polymer_spg>[*:1]OC(F)(F)c1ccc(C([*:2])(F)F)s1;2->1,1.7563
139,<polymer_spg>[*:1]CC(=O)c1ccc(-c2ccc([*:2])cc2)cc1;2->1,1.9046
375,<polymer_spg>[*:1]Nc1ccc(NC(=O)NONC([*:2])=O)s1;2->1,2.1192
4,<polymer_spg>[*:1]CCC(F)(F)C([*:2])(F)F;2->1,1.5774
96,<polymer_spg>[*:1]Cc1ccc(-c2ccc(C([*:2])=S)s2)cc1;2->1,2.0798
14,<polymer_spg>[*:1]CCOC(=O)CCCCC(=O)O[*:2];2->1,1.6581
61,<polymer_spg>[*:1]c1ccc(-c2ccc(Oc3ccc([*:2])s3)s2)cc1;2->1,2.1868
67,<polymer_spg>[*:1]OC(=S)c1ccc(-c2ccc([*:2])cc2)cc1;2->1,2.0445
304,<polymer_spg>[*:1]CNC(=O)ONC(=O)NO[*:2];2->1,1.7609
194,<polymer_spg>[*:1]CNOC([*:2])=S;2->1,1.8633
154,<polymer_spg>[*:1]CC(=O)NC([*:2])=O;2->1,1.7864
241,<polymer_spg>[*:1]Nc1ccc(Nc2ccc([*:2])s2)s1;2->1,1.9478
294,<polymer_spg>[*:1]NC(=S)Nc1ccc(NC(=S)Nc2ccc(Cc3ccc([*:2])cc3)cc2)cc1;2->1,1.9843
19,<polymer_spg>[*:1]CCCCCC(=O)O[*:2];2->1,1.6432
355,<polymer_spg>[*:1]NC(F)(F)NC([*:2])(F)F;2->1,1.6331
40,<polymer_spg>[*:1]CCC(O[*:2])(C(F)(F)F)C(F)(F)F;2->1,1.5724
112,<polymer_spg>[*:1]Cc1ccc(NC([*:2])=S)cc1;2->1,1.9161
13,<polymer_spg>[*:1]Sc1ccc([*:2])cc1;2->1,1.9808
107,<polymer_spg>[*:1]Cc1ccc(C(=S)c2ccc([*:2])s2)cc1;2->1,1.9663
226,<polymer_spg>[*:1]C(=O)Oc1ccc(C([*:2])=S)s1;2->1,2.0962
369,<polymer_spg>[*:1]NC(=O)NC(=O)c1ccc(C(=S)c2ccc(-c3ccc([*:2])s3)s2)s1;2->1,2.2382
3,<polymer_spg>[*:1]C(F)C([*:2])(F)F;2->1,1.5796
2,<polymer_spg>[*:1]CC([*:2])(F)F;2->1,1.6122
125,<polymer_spg>[*:1]CCC(=O)c1ccc([*:2])s1;2->1,1.8757
24,<polymer_spg>[*:1]CCCCCCC(=O)N[*:2];2->1,1.6565
30,<polymer_spg>[*:1]OC(=O)c1ccc(C([*:2])=O)cc1;2->1,1.869
77,<polymer_spg>[*:1]Cc1ccc(-c2ccc(C([*:2])=S)s2)s1;2->1,2.1956
232,<polymer_spg>[*:1]Cc1ccc(-c2ccc(N[*:2])s2)s1;2->1,1.9938
188,<polymer_spg>[*:1]CNC(=S)c1ccc([*:2])cc1;2->1,1.8914
184,<polymer_spg>[*:1]CNCO[*:2];2->1,1.6697
342,<polymer_spg>[*:1]c1ccc(C(F)(F)CC([*:2])(F)F)s1;2->1,1.7568
361,<polymer_spg>[*:1]C(=O)c1ccc(C(=S)c2ccc([*:2])s2)s1;2->1,2.2975
328,<polymer_spg>[*:1]c1ccc(CC(F)(F)C([*:2])(F)F)cc1;2->1,1.7264
182,<polymer_spg>[*:1]CNCC([*:2])=S;2->1,1.8901
349,<polymer_spg>[*:1]OC(F)(F)C(=O)C([*:2])(F)F;2->1,1.5807
80,<polymer_spg>[*:1]Cc1ccc(-c2ccc(C([*:2])=S)cc2)s1;2->1,2.0986
258,<polymer_spg>[*:1]Nc1ccc(NO[*:2])cc1;2->1,1.8848
11,<polymer_spg>[*:1]CCOC(=O)NCCOCCOCCNC(=O)O[*:2];2->1,1.6526
345,<polymer_spg>[*:1]C(=S)C(F)(F)CC([*:2])(F)F;2->1,1.7605
86,<polymer_spg>[*:1]Cc1ccc(C(=O)O[*:2])s1;2->1,1.8582
266,<polymer_spg>[*:1]NC(=O)c1ccc(-c2ccc([*:2])s2)cc1;2->1,2.1305
36,<polymer_spg>[*:1]CCc1ccc(-c2ccc([*:2])cc2)cc1;2->1,1.872
364,<polymer_spg>[*:1]C(=O)c1ccc(-c2ccc(-c3ccc([*:2])s3)cc2)cc1;2->1,2.3607
58,<polymer_spg>[*:1]C(=S)c1ccc(-c2ccc(-c3ccc([*:2])cc3)s2)cc1;2->1,2.3194
41,<polymer_spg>[*:1]Oc1ccc(-c2ccc(C([*:2])=O)cc2)cc1;2->1,1.9035
270,<polymer_spg>[*:1]NC(=O)C(=S)c1ccc([*:2])s1;2->1,2.5744
50,<polymer_spg>[*:1]C(=S)Oc1ccc(-c2ccc([*:2])s2)s1;2->1,2.2317
209,<polymer_spg>[*:1]C(=O)c1ccc(C(=O)c2ccc([*:2])s2)s1;2->1,2.0879
302,<polymer_spg>[*:1]CNCNC(=O)NC(=O)N[*:2];2->1,1.6781
301,<polymer_spg>[*:1]CNCCCOCO[*:2];2->1,1.6616
315,<polymer_spg>[*:1]C(=S)C(F)(F)c1ccc(C([*:2])(F)F)s1;2->1,1.8028
123,<polymer_spg>[*:1]CCCC([*:2])=O;2->1,1.6556
222,<polymer_spg>[*:1]OC(=S)c1ccc(C([*:2])=O)cc1;2->1,2.0397
62,<polymer_spg>[*:1]C(=S)Oc1ccc(-c2ccc([*:2])cc2)s1;2->1,2.1962
289,<polymer_spg>[*:1]NC(=S)OC([*:2])=S;2->1,2.157
130,<polymer_spg>[*:1]CCNc1ccc([*:2])cc1;2->1,1.7816
187,<polymer_spg>[*:1]CNC(=S)c1ccc([*:2])s1;2->1,1.9675
23,<polymer_spg>[*:1]CCC(=O)N[*:2];2->1,1.7036
43,<polymer_spg>[*:1]c1cccc([*:2])n1;2->1,1.9952
0,<polymer_spg>[*:1]CC([*:2])C;2->1,1.6081
201,<polymer_spg>[*:1]CONC([*:2])=O;2->1,1.7438
322,<polymer_spg>[*:1]Oc1ccc(C(F)(F)C([*:2])(F)F)s1;2->1,1.7924
98,<polymer_spg>[*:1]Cc1ccc(-c2ccc(-c3ccc([*:2])cc3)cc2)cc1;2->1,1.8915
178,<polymer_spg>[*:1]CNc1ccc(O[*:2])cc1;2->1,1.8414
256,<polymer_spg>[*:1]Nc1ccc(C(=S)c2ccc([*:2])cc2)cc1;2->1,2.3239
94,<polymer_spg>[*:1]Cc1ccc(-c2ccc(-c3ccc([*:2])s3)s2)cc1;2->1,1.9768
351,<polymer_spg>[*:1]c1ccc(C(F)(F)NC([*:2])(F)F)s1;2->1,1.7771
95,<polymer_spg>[*:1]Cc1ccc(-c2ccc(-c3ccc([*:2])cc3)s2)cc1;2->1,1.9726
356,<polymer_spg>[*:1]OC(F)(F)NC([*:2])(F)F;2->1,1.5936
169,<polymer_spg>[*:1]CC(=S)OC([*:2])=S;2->1,1.9523
69,<polymer_spg>[*:1]Oc1ccc(C(=S)c2ccc([*:2])cc2)s1;2->1,2.0044
48,<polymer_spg>[*:1]CC(CC(CC([*:2])c1ccccn1)c1ccccn1)c1ccccn1;2->1,1.7108
207,<polymer_spg>[*:1]C(=O)c1ccc(-c2ccc(C([*:2])=S)cc2)s1;2->1,2.2782
279,<polymer_spg>[*:1]NC(=O)Oc1ccc([*:2])s1;2->1,1.9321
227,<polymer_spg>[*:1]Oc1ccc(OC([*:2])=O)s1;2->1,1.8728
148,<polymer_spg>[*:1]CC(=O)C(=S)c1ccc([*:2])s1;2->1,2.0529
143,<polymer_spg>[*:1]CC(=O)Cc1ccc([*:2])s1;2->1,1.799
180,<polymer_spg>[*:1]CNCc1ccc([*:2])cc1;2->1,1.7745
131,<polymer_spg>[*:1]CCNC([*:2])=S;2->1,1.8641
339,<polymer_spg>[*:1]C(=O)NC(F)(F)C([*:2])(F)F;2->1,1.642
380,<polymer_spg>[*:1]c1ccc(C(F)(F)C(=O)C([*:2])(F)F)cc1;2->1,1.7375
262,<polymer_spg>[*:1]NC(=O)c1ccc(-c2ccc([*:2])cc2)s1;2->1,2.2535
203,<polymer_spg>[*:1]C(=O)c1ccc(-c2ccc(-c3ccc([*:2])s3)s2)s1;2->1,2.705
84,<polymer_spg>[*:1]Cc1ccc(C(=O)c2ccc([*:2])s2)s1;2->1,2.0215
121,<polymer_spg>[*:1]CCCc1ccc([*:2])s1;2->1,1.7538
327,<polymer_spg>[*:1]c1ccc(CC(F)(F)C([*:2])(F)F)s1;2->1,1.7679
348,<polymer_spg>[*:1]C(=O)C(F)(F)C(=O)C([*:2])(F)F;2->1,1.6328
91,<polymer_spg>[*:1]Cc1ccc(NO[*:2])s1;2->1,1.8806
82,<polymer_spg>[*:1]Cc1ccc(Cc2ccc([*:2])s2)s1;2->1,1.8382
267,<polymer_spg>[*:1]NC(=O)c1ccc(-c2ccc([*:2])cc2)cc1;2->1,2.0808
119,<polymer_spg>[*:1]CCc1ccc(C([*:2])=S)cc1;2->1,1.9173
291,<polymer_spg>[*:1]NOC(=O)O[*:2];2->1,1.7479
57,<polymer_spg>[*:1]c1ccc(-c2ccc(-c3ccc(-c4ccc([*:2])s4)cc3)s2)cc1;2->1,2.033
257,<polymer_spg>[*:1]Nc1ccc(Nc2ccc([*:2])s2)cc1;2->1,1.9889
374,<polymer_spg>[*:1]CCC(=O)OC(=O)Cc1ccc(-c2ccc([*:2])cc2)cc1;2->1,1.7345
42,<polymer_spg>[*:1]Nc1ccc([*:2])cc1;2->1,2.124
105,<polymer_spg>[*:1]Cc1ccc(C(=O)c2ccc([*:2])cc2)cc1;2->1,1.9018
273,<polymer_spg>[*:1]NC(=O)C(=S)O[*:2];2->1,2.1173
350,<polymer_spg>[*:1]OC(F)(F)C(=S)C([*:2])(F)F;2->1,1.6753
38,<polymer_spg>[*:1]Cc1ccc(CO[*:2])cc1;2->1,1.7774
53,<polymer_spg>[*:1]Oc1ccc(Oc2ccc([*:2])s2)s1;2->1,1.867
329,<polymer_spg>[*:1]C(=O)CC(F)(F)C([*:2])(F)F;2->1,1.6044
128,<polymer_spg>[*:1]CCC(=S)O[*:2];2->1,1.8214
290,<polymer_spg>[*:1]NOc1ccc(O[*:2])cc1;2->1,1.8691
28,<polymer_spg>[*:1]CCCCCOC(=O)Nc1ccc(C)c(NC(=O)O[*:2])c1;2->1,1.7297
183,<polymer_spg>[*:1]CNCN[*:2];2->1,1.7262
163,<polymer_spg>[*:1]CC(=S)CC([*:2])=S;2->1,1.9346
151,<polymer_spg>[*:1]CC(=O)C(=S)O[*:2];2->1,1.9836
244,<polymer_spg>[*:1]Nc1ccc(OC([*:2])=S)s1;2->1,2.0409
202,<polymer_spg>[*:1]CONO[*:2];2->1,1.7417
31,<polymer_spg>[*:1]CCCCCOC(=O)O[*:2];2->1,1.6374
32,<polymer_spg>[*:1]Oc1ccc(OC([*:2])=O)cc1;2->1,1.7876
127,<polymer_spg>[*:1]CCC(=O)C([*:2])=S;2->1,1.9627
185,<polymer_spg>[*:1]CNC(=O)c1ccc([*:2])s1;2->1,1.8558
354,<polymer_spg>[*:1]C(=S)C(F)(F)NC([*:2])(F)F;2->1,1.7879
288,<polymer_spg>[*:1]NC(=S)NO[*:2];2->1,2.0671
344,<polymer_spg>[*:1]C(=O)C(F)(F)CC([*:2])(F)F;2->1,1.6107
147,<polymer_spg>[*:1]CC(=O)CO[*:2];2->1,1.6922
285,<polymer_spg>[*:1]NC(=S)C(=O)O[*:2];2->1,2.1342
352,<polymer_spg>[*:1]c1ccc(C(F)(F)NC([*:2])(F)F)cc1;2->1,1.7422
177,<polymer_spg>[*:1]CNc1ccc(N[*:2])cc1;2->1,1.8632
99,<polymer_spg>[*:1]Cc1ccc(-c2ccc(C([*:2])=S)cc2)cc1;2->1,2.0502
338,<polymer_spg>[*:1]c1ccc(NC(F)(F)C([*:2])(F)F)cc1;2->1,1.7935
335,<polymer_spg>[*:1]C(=S)C(=O)C(F)(F)C([*:2])(F)F;2->1,1.9833
197,<polymer_spg>[*:1]COc1ccc(O[*:2])s1;2->1,1.795
243,<polymer_spg>[*:1]Nc1ccc(Oc2ccc([*:2])s2)s1;2->1,1.9001
115,<polymer_spg>[*:1]CCc1ccc(-c2ccc([*:2])s2)s1;2->1,1.9248
265,<polymer_spg>[*:1]NC(=O)c1ccc(O[*:2])s1;2->1,1.969
72,<polymer_spg>[*:1]C(=S)OC(=S)c1ccc([*:2])cc1;2->1,2.1589
333,<polymer_spg>[*:1]c1ccc(C(=O)C(F)(F)C([*:2])(F)F)s1;2->1,1.8316
25,<polymer_spg>[*:1]CC(=O)N[*:2];2->1,1.7337
165,<polymer_spg>[*:1]CC(=S)C(=O)C([*:2])=S;2->1,2.1951
337,<polymer_spg>[*:1]c1ccc(NC(F)(F)C([*:2])(F)F)s1;2->1,1.862
366,<polymer_spg>[*:1]C(=O)c1ccc(C(=S)c2ccc([*:2])cc2)cc1;2->1,2.1209
174,<polymer_spg>[*:1]CNc1ccc(O[*:2])s1;2->1,1.8497
368,<polymer_spg>[*:1]CCCCCCNC(=S)Nc1ccc(NC(=S)N[*:2])cc1;2->1,1.8822
39,<polymer_spg>[*:1]CCOCCOC(=O)O[*:2];2->1,1.6326
193,<polymer_spg>[*:1]CNOc1ccc([*:2])cc1;2->1,1.8294
314,<polymer_spg>[*:1]c1ccc(C(F)(F)c2ccc(C([*:2])(F)F)s2)s1;2->1,1.899
88,<polymer_spg>[*:1]Cc1ccc(C(=S)O[*:2])s1;2->1,2.0221
70,<polymer_spg>[*:1]C(=S)c1ccc(C(=S)c2ccc([*:2])cc2)cc1;2->1,1.8941
87,<polymer_spg>[*:1]Cc1ccc(C(=S)c2ccc([*:2])s2)s1;2->1,2.0063
292,<polymer_spg>[*:1]NOC(=S)O[*:2];2->1,1.942
242,<polymer_spg>[*:1]Nc1ccc(NC([*:2])=S)s1;2->1,2.19
277,<polymer_spg>[*:1]NC(=O)NC([*:2])=S;2->1,2.102
211,<polymer_spg>[*:1]OC(=O)c1ccc(C([*:2])=O)s1;2->1,1.8811
9,<polymer_spg>[*:1]Oc1ccc(Cc2ccc([*:2])cc2)cc1;2->1,1.8035
359,<polymer_spg>[*:1]c1ccc(C(=S)c2ccc(-c3ccc([*:2])s3)s2)cc1;2->1,2.7768
195,<polymer_spg>[*:1]CNON[*:2];2->1,1.7453
251,<polymer_spg>[*:1]Nc1ccc(-c2ccc(C([*:2])=S)cc2)cc1;2->1,2.1003
323,<polymer_spg>[*:1]c1ccc(-c2ccc(C(F)(F)C([*:2])(F)F)cc2)s1;2->1,1.7814
192,<polymer_spg>[*:1]CNOc1ccc([*:2])s1;2->1,1.8539
117,<polymer_spg>[*:1]CCc1ccc(O[*:2])s1;2->1,1.7996
47,<polymer_spg>[*:1]CCCOC(=O)CCCCCCCCOC(=O)CCCOC(=O)CCCCCCCCOC([*:2])=O;2->1,1.6306
172,<polymer_spg>[*:1]CNc1ccc(C([*:2])=S)s1;2->1,2.251
